,alpha,beta,gamma,tau,scf_bc,nn_scf_bc
0,4,0.2,20,0.2,2.660239413,2.1656785
1,22,0.2,20,0.2,2.659087582,2.1359072
2,4,0.3,32,0.6,2.632291619,2.550145
3,4,0.3,32,0.4,2.623576554,2.5723686
4,40,0.3,32,0.6,2.612770466,2.5221238
5,22,0.3,32,0.4,2.610688398,2.5614595
6,40,0.3,32,0.4,2.610661678,2.5542142
7,22,0.3,32,0.6,2.607765922,2.529369
8,4,0.7,32,0.4,2.563708314,2.4086282
9,4,0.2,32,0.4,2.523380434,2.5099316
10,40,0.2,32,0.4,2.520406491,2.4997053
11,22,0.2,32,0.4,2.52032953,2.5019658
12,4,0.6,32,0.4,2.46852261,2.3737326
13,40,0.4,32,0.4,2.455811029,2.408692
14,4,0.4,32,0.4,2.455446708,2.425942
15,4,0.5,32,0.4,2.446099457,2.4011245
16,4,0.4,32,0.6,2.437600182,2.4220338
17,4,0.3,26,0.4,2.385480569,2.3293145
18,22,0.4,32,0.4,2.384003115,2.4060607
19,4,0.5,32,0.6,2.378526197,2.3357136
20,22,0.4,32,0.6,2.378253443,2.4059129
21,40,0.4,32,0.6,2.377925653,2.4083078
22,4,0.7,32,0.6,2.374225061,2.3023891
23,4,0.6,32,0.2,2.333969482,2.2008145
24,4,0.7,26,0.4,2.329122418,2.261685
25,4,0.5,32,0.2,2.327973548,2.206008
26,4,0.2,32,0.6,2.318768007,2.3207204
27,4,0.4,26,0.4,2.316858211,2.2715015
28,22,0.2,32,0.6,2.314267375,2.3204997
29,40,0.2,32,0.6,2.314235005,2.3281164
30,4,0.3,32,0.8,2.311245504,2.2537527
31,40,0.3,26,0.4,2.297591167,2.3138366
32,22,0.3,26,0.4,2.297548756,2.3176064
33,4,0.5,26,0.4,2.291654142,2.234105
34,4,0.3,26,0.6,2.29001685,2.2600315
35,22,0.3,32,0.8,2.285197088,2.2423503
36,40,0.3,32,0.8,2.285090949,2.2430737
37,22,0.3,26,0.6,2.275664858,2.269219
38,40,0.3,26,0.6,2.275629101,2.283268
39,40,0.4,26,0.4,2.275593144,2.2485578
40,22,0.4,26,0.4,2.275545896,2.252328
41,4,0.4,26,0.6,2.27355415,2.2130368
42,4,0.6,32,0.6,2.268208615,2.279806
43,4,0.3,32,0.2,2.255111598,2.1370404
44,4,0.6,26,0.4,2.246130178,2.2266223
45,4,0.7,32,0.2,2.235102333,2.1657097
46,22,0.3,32,0.2,2.23327394,2.1208167
47,40,0.3,32,0.2,2.233255502,2.1260495
48,22,0.4,26,0.6,2.22779697,2.1925526
49,40,0.4,26,0.6,2.227695197,2.1983821
50,4,0.5,26,0.2,2.226546185,2.1136053
51,4,0.4,32,0.8,2.217819311,2.177408
52,4,0.6,26,0.2,2.21603743,2.128591
53,40,0.5,32,0.4,2.207598263,2.1969576
54,22,0.5,32,0.6,2.202036786,2.1674244
55,40,0.5,32,0.6,2.201276258,2.1709118
56,4,0.4,32,0.2,2.187228212,2.1543534
57,4,0.7,26,0.6,2.169460725,2.124351
58,4,0.5,26,0.6,2.16666713,2.133487
59,4,0.4,26,0.2,2.152358276,2.0716212
60,22,0.5,32,0.4,2.148512237,2.1935496
61,4,0.2,26,0.4,2.146274282,2.134535
62,40,0.2,26,0.4,2.145165481,2.145742
63,22,0.2,26,0.4,2.14512152,2.1381252
64,22,0.4,32,0.8,2.144482899,2.1170533
65,40,0.4,32,0.8,2.144057896,2.1177766
66,4,0.3,26,0.2,2.132215586,2.061156
67,22,0.5,26,0.4,2.130587201,2.088621
68,40,0.5,26,0.4,2.130525672,2.0900996
69,4,0.7,26,0.2,2.129418006,2.1137552
70,40,0.3,26,0.2,2.124099728,2.0607555
71,22,0.3,26,0.2,2.124044178,2.0538833
72,4,0.6,26,0.6,2.113793239,2.0991445
73,4,0.6,20,0.2,2.105234893,2.000103
74,4,0.7,32,0.8,2.097166747,2.039275
75,4,0.5,32,0.8,2.095141989,2.059163
76,22,0.2,32,0.2,2.079455795,2.0115492
77,40,0.2,32,0.2,2.079453433,2.0171547
78,4,0.2,32,0.2,2.075503984,1.9969978
79,4,0.3,20,0.4,2.072963613,2.0306966
80,40,0.3,20,0.4,2.072890565,2.0432274
81,22,0.3,20,0.4,2.072789052,2.0359108
82,4,0.7,20,0.4,2.064272723,1.9861207
83,4,0.4,20,0.4,2.063890929,2.0619934
84,4,0.7,20,0.2,2.061158205,2.0127015
85,4,0.5,20,0.4,2.052848988,2.0210567
86,40,0.3,20,0.2,2.052501704,1.9979419
87,22,0.3,20,0.2,2.052484687,1.9943794
88,4,0.6,20,0.4,2.047413331,1.9955671
89,40,0.2,26,0.2,2.047400249,2.0017235
90,22,0.2,26,0.2,2.047370521,1.996118
91,40,0.4,26,0.2,2.046456546,1.9746847
92,4,0.6,32,0.8,2.045985794,2.0106955
93,4,0.3,20,0.2,2.045440476,1.9962869
94,22,0.5,26,0.6,2.042037131,2.0358868
95,40,0.5,26,0.6,2.041909492,2.0451016
96,22,0.6,32,0.4,2.041853439,2.0179584
97,4,0.5,20,0.2,2.041216983,1.9826523
98,40,0.4,20,0.4,2.041211085,2.0246298
99,22,0.4,20,0.4,2.041153,2.027952
100,40,0.6,32,0.4,2.040977299,2.0179167
101,4,0.4,26,0.8,2.039534433,1.9942316
102,4,0.2,26,0.2,2.03909924,1.9905126
103,4,0.4,20,0.2,2.024177541,1.9723189
104,22,0.4,32,0.2,2.017379008,1.9366944
105,4,0.2,32,0.8,2.013306185,2.0096023
106,22,0.2,32,0.8,2.00438764,2.0124526
107,40,0.2,32,0.8,2.004384783,2.0224936
108,40,0.3,8,0.2,1.998602431,2.0683095
109,22,0.3,8,0.2,1.998399906,2.0720682
110,4,0.7,26,0.8,1.984309356,1.8935341
111,22,0.4,26,0.8,1.982367817,1.9544021
112,40,0.4,26,0.8,1.982237163,1.9522083
113,4,0.3,8,0.2,1.973026331,2.0476558
114,4,0.3,26,0.8,1.971153194,1.9419159
115,22,0.5,32,0.2,1.9696739,1.8945618
116,40,0.4,20,0.2,1.969631169,1.9306724
117,22,0.4,20,0.2,1.969591824,1.92711
118,40,0.5,32,0.2,1.969485871,1.8914795
119,4,0.5,26,0.8,1.964725764,1.9229534
120,22,0.7,32,0.4,1.963642563,1.9181321
121,40,0.7,32,0.4,1.96225562,1.9046023
122,40,0.5,20,0.4,1.957275654,1.9533125
123,22,0.5,20,0.4,1.957144094,1.9507337
124,22,0.5,26,0.2,1.956408193,1.8509713
125,4,0.2,26,0.6,1.953276223,1.9392726
126,22,0.4,26,0.2,1.952509903,1.9621128
127,22,0.3,26,0.8,1.949779824,1.940676
128,40,0.3,26,0.8,1.949714324,1.9560525
129,22,0.2,26,0.6,1.947234516,1.9524981
130,40,0.2,26,0.6,1.947205127,1.9587053
131,22,0.5,32,0.8,1.944676437,1.9177607
132,40,0.5,32,0.8,1.943754828,1.9240552
133,4,0.4,20,0.6,1.942960347,1.9387342
134,22,0.6,32,0.6,1.939417756,1.9747207
135,40,0.6,32,0.6,1.93821511,1.9830347
136,4,0.3,32,1,1.935430902,1.915756
137,4,0.5,20,0.6,1.933564553,1.9097272
138,22,0.6,26,0.4,1.919192967,1.9431293
139,40,0.6,26,0.4,1.919041492,1.9422705
140,4,0.7,20,0.6,1.918264054,1.875266
141,40,0.4,20,0.6,1.913403118,1.9256897
142,22,0.4,20,0.6,1.913373175,1.9210893
143,4,0.4,32,1,1.90432283,1.8577013
144,4,0.7,14,0.2,1.903879674,1.8637701
145,22,0.6,32,0.2,1.896988928,1.8468924
146,40,0.3,32,1,1.896891481,1.8801988
147,40,0.6,32,0.2,1.89686763,1.8325709
148,22,0.3,32,1,1.896804924,1.8844295
149,22,0.2,14,0.2,1.89504748,1.935004
150,40,0.2,14,0.2,1.895033796,1.9131855
151,40,0.2,20,0.2,1.894218015,2.1047754
152,4,0.2,14,0.2,1.891290936,1.8885261
153,4,0.5,14,0.2,1.890208334,1.8417426
154,4,0.6,20,0.6,1.885836318,1.8814608
155,40,0.4,32,0.2,1.878656933,1.9447372
156,4,0.6,26,0.8,1.871545443,1.8697323
157,4,0.3,20,0.6,1.8695054,1.8408383
158,4,0.4,14,0.2,1.868158556,1.8369393
159,22,0.3,20,0.6,1.85920037,1.8508115
160,40,0.3,20,0.6,1.859192357,1.8667113
161,22,0.6,26,0.6,1.859105353,1.8611314
162,40,0.5,20,0.2,1.859048289,1.8221562
163,40,0.6,26,0.6,1.858876846,1.8672318
164,40,0.4,14,0.2,1.855866565,1.8269131
165,22,0.4,14,0.2,1.855803035,1.8233507
166,4,0.7,32,1,1.854083852,1.7675425
167,22,0.7,32,0.6,1.852234755,1.8451457
168,40,0.5,20,0.6,1.851273873,1.8537412
169,22,0.7,26,0.4,1.851126387,1.8493955
170,22,0.5,20,0.6,1.851102605,1.8491408
171,40,0.7,26,0.4,1.850883938,1.8464886
172,40,0.7,32,0.6,1.850213169,1.8506409
173,4,0.6,14,0.2,1.841939333,1.8115095
174,22,0.5,26,0.8,1.840528776,1.8342135
175,40,0.5,26,0.8,1.840318859,1.8374914
176,22,0.6,26,0.2,1.838596768,1.8141091
177,40,0.6,26,0.2,1.838563927,1.8155133
178,40,0.6,20,0.4,1.832566408,1.8104019
179,22,0.6,20,0.4,1.832305579,1.8041509
180,22,0.7,32,0.2,1.828300784,1.7857378
181,40,0.7,32,0.2,1.827151808,1.760392
182,22,0.4,32,1,1.821192589,1.8058941
183,40,0.4,32,1,1.820550647,1.8038427
184,40,0.5,14,0.2,1.8050104,1.7596437
185,22,0.5,14,0.2,1.804910504,1.7560812
186,4,0.5,32,1,1.80104488,1.7721207
187,22,0.3,14,0.2,1.796227366,1.7784376
188,40,0.3,14,0.2,1.796147733,1.7994608
189,4,0.7,14,0.4,1.789356133,1.7534941
190,40,0.5,26,0.2,1.782399613,1.8535146
191,4,0.5,14,0.4,1.779110354,1.7757976
192,4,0.7,20,0.8,1.77850942,1.7623451
193,4,0.3,14,0.2,1.777793492,1.7674929
194,4,0.5,20,0.8,1.776502017,1.7585288
195,4,0.4,14,0.4,1.765284534,1.7458845
196,4,0.6,20,0.8,1.763228433,1.7321714
197,22,0.7,26,0.2,1.762842919,1.7654482
198,40,0.7,26,0.2,1.762624801,1.755613
199,4,0.4,20,0.8,1.758456632,1.7088869
200,22,0.4,14,0.4,1.757490138,1.7478607
201,40,0.4,14,0.4,1.75737621,1.7637604
202,4,0.2,20,0.4,1.757297863,1.7593774
203,22,0.6,32,0.8,1.756064507,1.7251563
204,22,0.2,20,0.4,1.7551119,1.7677722
205,40,0.2,20,0.4,1.755111344,1.776167
206,40,0.6,32,0.8,1.754510668,1.7282636
207,40,0.7,20,0.2,1.752261339,1.7255324
208,22,0.7,20,0.2,1.751897544,1.7271978
209,22,0.7,26,0.6,1.745837365,1.739805
210,40,0.7,26,0.6,1.745526361,1.7452999
211,22,0.5,20,0.2,1.743330403,1.818322
212,4,0.6,14,0.4,1.736850027,1.7326789
213,40,0.5,14,0.4,1.730057401,1.723982
214,22,0.5,14,0.4,1.729826885,1.7193816
215,4,0.7,14,0.6,1.71992686,1.677578
216,40,0.6,20,0.6,1.717009666,1.7098856
217,22,0.6,20,0.6,1.716783062,1.7073908
218,22,0.4,20,0.8,1.715227211,1.690416
219,40,0.4,20,0.8,1.715205766,1.6983213
220,4,0.4,26,1,1.714908183,1.7088851
221,4,0.5,26,1,1.714240228,1.6717819
222,40,0.7,20,0.4,1.71326231,1.7046832
223,22,0.7,20,0.4,1.712909731,1.7014015
224,4,0.6,32,1,1.709404592,1.7359595
225,4,0.7,26,1,1.707162614,1.6494803
226,4,0.2,32,1,1.695777242,1.6732159
227,40,0.6,14,0.2,1.689895367,1.6691281
228,22,0.6,14,0.2,1.689802051,1.6648383
229,40,0.5,20,0.8,1.687891612,1.6840067
230,22,0.5,20,0.8,1.68784926,1.686017
231,22,0.2,32,1,1.686810376,1.6687504
232,40,0.2,32,1,1.686728231,1.6719823
233,4,0.6,26,1,1.682302798,1.6268194
234,4,0.6,14,0.6,1.681328185,1.6557107
235,40,0.7,14,0.2,1.680180159,1.645849
236,22,0.7,14,0.2,1.680089609,1.6471567
237,4,0.3,26,1,1.672486809,1.6685709
238,22,0.4,26,1,1.664231293,1.6719269
239,40,0.4,26,1,1.663923539,1.6726537
240,40,0.4,8,0.2,1.662857834,1.6990218
241,22,0.4,8,0.2,1.662776345,1.6942929
242,4,0.5,14,0.6,1.657169474,1.6904392
243,22,0.6,26,0.8,1.64773572,1.6535268
244,40,0.6,26,0.8,1.647507142,1.6536177
245,22,0.7,32,0.8,1.646540414,1.6213448
246,22,0.3,26,1,1.645945076,1.657752
247,40,0.3,26,1,1.645788227,1.6632922
248,40,0.7,32,0.8,1.644214348,1.6189166
249,4,0.3,14,0.4,1.637484451,1.6519706
250,40,0.3,14,0.4,1.636549807,1.684553
251,22,0.3,14,0.4,1.636404754,1.6682618
252,4,0.4,8,0.2,1.635616608,1.680373
253,22,0.5,32,1,1.634376706,1.6530397
254,40,0.5,32,1,1.633212402,1.6566
255,4,0.2,26,0.8,1.631547903,1.6319599
256,4,0.5,8,0.2,1.627936542,1.622635
257,40,0.7,20,0.6,1.626688952,1.6126062
258,4,0.3,20,0.8,1.626358081,1.5888419
259,22,0.7,20,0.6,1.626113188,1.61293
260,40,0.2,26,0.8,1.62548001,1.6393608
261,22,0.2,26,0.8,1.625474389,1.6359627
262,40,0.6,14,0.4,1.624176422,1.6375012
263,22,0.6,14,0.4,1.623791703,1.6307949
264,40,0.6,20,0.2,1.619896187,1.7535908
265,22,0.6,20,0.2,1.619812669,1.755256
266,4,0.4,14,0.6,1.61713394,1.5876876
267,40,0.5,8,0.2,1.616293765,1.6142346
268,22,0.5,8,0.2,1.616103082,1.6102004
269,22,0.3,20,0.8,1.611772255,1.5980122
270,40,0.3,20,0.8,1.611746058,1.6108205
271,22,0.7,26,0.8,1.61128268,1.551772
272,40,0.5,14,0.6,1.609609339,1.6330442
273,22,0.5,14,0.6,1.609452097,1.6318097
274,4,0.7,8,0.2,1.600061999,1.6178646
275,4,0.6,8,0.2,1.597876509,1.5904855
276,40,0.4,14,0.6,1.59670457,1.5930772
277,22,0.4,14,0.6,1.596682471,1.5817336
278,40,0.6,20,0.8,1.592093571,1.5671585
279,22,0.6,20,0.8,1.59188431,1.567783
280,22,0.5,26,1,1.581004528,1.5863873
281,40,0.5,26,1,1.580593692,1.5846875
282,40,0.6,14,0.6,1.57648256,1.5847363
283,22,0.6,14,0.6,1.576108466,1.5816499
284,4,0.7,20,1,1.575454929,1.5438521
285,40,0.7,14,0.4,1.573167672,1.5849231
286,22,0.7,14,0.4,1.572536493,1.5818367
287,4,0.7,14,0.8,1.567314228,1.5642474
288,4,0.2,20,0.6,1.561993759,1.565921
289,22,0.2,20,0.6,1.558322944,1.5625199
290,40,0.2,20,0.6,1.558281309,1.5588444
291,40,0.7,26,0.8,1.548593126,1.5493441
292,22,0.6,8,0.2,1.546031223,1.5523603
293,4,0.5,20,1,1.546028482,1.5393406
294,4,0.6,20,1,1.538838221,1.5227752
295,4,0.6,14,0.8,1.529792712,1.5340179
296,40,0.7,14,0.6,1.528530428,1.5225981
297,22,0.7,14,0.6,1.527758208,1.5207107
298,4,0.7,8,0.4,1.517695203,1.4981657
299,40,0.7,8,0.2,1.516434549,1.5144306
300,22,0.7,8,0.2,1.516027169,1.5093485
301,40,0.7,20,0.8,1.499976651,1.4797714
302,22,0.7,20,0.8,1.498244098,1.4821994
303,4,0.4,20,1,1.496403474,1.4920343
304,40,0.6,32,1,1.49452584,1.4738879
305,4,0.5,14,0.8,1.481881437,1.4848899
306,40,0.6,8,0.2,1.473876209,1.5603374
307,4,0.6,8,0.4,1.458855346,1.45798
308,4,0.3,14,0.6,1.455637439,1.4452925
309,40,0.3,14,0.6,1.448516292,1.4609321
310,22,0.3,14,0.6,1.448489729,1.4526113
311,40,0.5,20,1,1.445070299,1.4608083
312,22,0.5,20,1,1.445029485,1.4600815
313,22,0.4,20,1,1.444591514,1.4626235
314,40,0.4,20,1,1.444367034,1.4697542
315,22,0.6,32,1,1.438877881,1.4733642
316,22,0.7,32,1,1.428378479,1.3896606
317,4,0.5,8,0.4,1.425515063,1.4200754
318,22,0.6,26,1,1.42474583,1.4203225
319,40,0.7,8,0.4,1.424555071,1.4169381
320,40,0.6,26,1,1.424192109,1.421205
321,22,0.7,8,0.4,1.423667759,1.4168257
322,40,0.5,14,0.8,1.423255771,1.4486806
323,22,0.5,14,0.8,1.423255621,1.4427111
324,40,0.6,14,0.8,1.417859353,1.44455
325,22,0.6,14,0.8,1.417707361,1.4466041
326,40,0.6,8,0.4,1.41297435,1.4228826
327,22,0.6,8,0.4,1.412491149,1.4191786
328,40,0.5,8,0.4,1.411378344,1.4336104
329,22,0.5,8,0.4,1.411062562,1.4170909
330,4,0.7,8,0.6,1.410801577,1.4025549
331,4,0.4,14,0.8,1.395084738,1.3904879
332,4,0.7,14,1,1.385390022,1.4044211
333,4,0.6,14,1,1.382237984,1.3971682
334,40,0.7,14,0.8,1.379318275,1.3911629
335,22,0.7,14,0.8,1.378734977,1.394561
336,40,0.7,32,1,1.371884905,1.3876653
337,4,0.2,26,1,1.370090956,1.380288
338,22,0.4,14,0.8,1.369898971,1.3829168
339,40,0.4,14,0.8,1.369829116,1.380835
340,4,0.6,8,0.6,1.36818128,1.3759277
341,4,0.3,20,1,1.367115185,1.3498021
342,22,0.2,26,1,1.362728368,1.3742847
343,40,0.2,26,1,1.362681284,1.3682815
344,22,0.6,20,1,1.361725076,1.369093
345,40,0.6,20,1,1.36168129,1.3699754
346,22,0.7,26,1,1.356458034,1.3346846
347,40,0.7,26,1,1.355859161,1.3330481
348,22,0.3,20,1,1.347054985,1.3391466
349,40,0.3,20,1,1.346978135,1.3352277
350,4,0.2,14,0.4,1.32741517,1.3414613
351,40,0.2,14,0.4,1.325135831,1.3451881
352,22,0.2,14,0.4,1.325110708,1.3433247
353,40,0.7,8,0.6,1.317501368,1.3208977
354,40,0.6,8,0.6,1.31717967,1.3284992
355,22,0.6,8,0.6,1.31687631,1.3259572
356,22,0.7,8,0.6,1.316826768,1.320685
357,4,0.5,14,1,1.303344934,1.3207947
358,40,0.7,20,1,1.298874204,1.2799811
359,22,0.7,20,1,1.2985718,1.2816174
360,40,0.4,8,0.4,1.294000755,1.3225241
361,22,0.4,8,0.4,1.293887186,1.3226177
362,4,0.4,8,0.4,1.293606102,1.3160712
363,4,0.5,8,0.6,1.290327726,1.2754408
364,4,0.7,8,0.8,1.272323596,1.270719
365,40,0.5,8,0.6,1.268838148,1.2713767
366,22,0.5,8,0.6,1.261628634,1.260234
367,22,0.6,14,1,1.258749668,1.2762291
368,40,0.6,14,1,1.258501467,1.2728938
369,22,0.5,14,1,1.23677102,1.2683866
370,40,0.5,14,1,1.236476621,1.2703722
371,4,0.2,20,0.8,1.218823254,1.2362653
372,22,0.2,20,0.8,1.214332883,1.2354889
373,4,0.4,14,1,1.205094712,1.206554
374,4,0.3,14,0.8,1.194927875,1.1976475
375,22,0.7,14,1,1.190345126,1.2223731
376,40,0.7,14,1,1.190129173,1.2203608
377,22,0.3,14,0.8,1.184698871,1.2020105
378,40,0.3,14,0.8,1.184661683,1.2063737
379,4,0.3,8,0.4,1.182619068,1.177299
380,40,0.3,8,0.4,1.182000431,1.1570264
381,22,0.3,8,0.4,1.181961556,1.1672407
382,4,0.6,8,0.8,1.179042876,1.2031267
383,22,0.4,14,1,1.175434595,1.185964
384,40,0.4,14,1,1.175139461,1.184689
385,40,0.7,8,0.8,1.168895067,1.1814454
386,22,0.7,8,0.8,1.168797286,1.1831889
387,4,0.7,8,1,1.142734376,1.1602926
388,22,0.2,14,0.6,1.128082006,1.0788224
389,22,0.6,8,0.8,1.121114829,1.1521779
390,40,0.6,8,0.8,1.12099918,1.1615205
391,4,0.4,8,0.6,1.110061265,1.1247003
392,40,0.4,8,0.6,1.104688158,1.1073695
393,22,0.4,8,0.6,1.104656891,1.1152371
394,40,0.2,20,0.8,1.062618064,1.2347124
395,4,0.5,8,0.8,1.050156131,1.0858384
396,4,0.2,14,0.6,1.045009307,1.0779959
397,40,0.2,14,0.6,1.042912718,1.0796489
398,4,0.6,8,1,1.040959733,1.056336
399,22,0.7,8,1,1.040296881,1.0735297
400,40,0.7,8,1,1.039729137,1.0732559
401,22,0.5,8,0.8,1.024819863,1.0476804
402,40,0.5,8,0.8,0.997084638,1.0348581
403,22,0.6,8,1,0.985472795,1.0015925
404,40,0.6,8,1,0.984961254,1.0031137
405,4,0.3,14,1,0.938503384,0.960538
406,22,0.3,14,1,0.930599666,0.9590111
407,40,0.3,14,1,0.930533758,0.9576467
408,4,0.2,20,1,0.807151229,0.84641385
409,22,0.2,20,1,0.802731855,0.84211564
410,40,0.2,20,1,0.802727492,0.8380214
411,4,0.2,8,0.2,0.747895835,0.6960255
412,22,0.2,8,0.2,0.747564769,0.7110772
413,40,0.2,8,0.2,0.747552336,0.72612894
414,4,0.5,8,1,0.728202509,0.7152345
415,22,0.5,8,1,0.711208171,0.7153661
416,4,0.2,8,0.4,0.705248593,0.7157228
417,40,0.2,8,0.4,0.704039869,0.70978427
418,22,0.2,8,0.4,0.703978429,0.7127536
419,4,0.4,8,0.8,0.703415638,0.7095214
420,4,0.3,8,0.6,0.700570151,0.6999165
421,40,0.3,8,0.6,0.699409108,0.69734216
422,22,0.3,8,0.6,0.699407165,0.697934
423,22,0.4,8,0.8,0.696318994,0.7064847
424,40,0.4,8,0.8,0.696276524,0.7033255
425,40,0.5,8,1,0.691257872,0.71220684
426,4,0.2,14,0.8,0.66870468,0.6965742
427,40,0.2,14,0.8,0.667823752,0.69470704
428,22,0.2,14,0.8,0.667816397,0.69462264
429,4,0.4,8,1,0.626069345,0.6163163
430,22,0.4,8,1,0.620538745,0.6165105
431,40,0.4,8,1,0.620415282,0.6166794
432,4,0.3,8,0.8,0.573800645,0.56245315
433,22,0.3,8,0.8,0.572135354,0.5622898
434,40,0.3,8,0.8,0.572105792,0.5621264
435,4,0.2,14,1,0.532200184,0.5331756
436,22,0.2,14,1,0.531716758,0.53414035
437,40,0.2,14,1,0.531712229,0.535105
438,4,0.3,8,1,0.426126137,0.421654
439,22,0.3,8,1,0.424204058,0.4172646
440,40,0.3,8,1,0.424164962,0.41287532
441,22,0.2,8,0.6,0.412869889,0.43122554
442,40,0.2,8,0.6,0.412861822,0.424872
443,40,0.2,8,1,0.4,0.39397803
444,22,0.2,8,1,0.4,0.3882573
445,4,0.2,8,1,0.4,0.3825366
446,40,0.2,8,0.8,0.4,0.39284584
447,22,0.2,8,0.8,0.4,0.3871251
448,4,0.2,8,0.8,0.4,0.3814044
449,9.94,0.48,8.57,0.83,1.026706274,1.0246043
450,20,0.57,9.01,0.9,1.095657867,1.0950516
451,9.38,0.21,19.79,0.91,1.121361451,1.075449
452,10.55,0.63,9.2,0.94,1.129442595,1.1316856
453,4.62,0.4,11.35,0.87,1.134067723,1.0893905
454,5.26,0.53,8.04,0.75,1.154296103,1.1679842
455,25.71,0.59,11.56,0.95,1.189960864,1.2182803
456,26.2,0.59,10.39,0.79,1.260684182,1.2946808
457,4.31,0.53,9.6,0.71,1.301171961,1.3045506
458,14.25,0.61,15.45,0.97,1.320519667,1.3351338
459,10.86,0.64,21.38,0.98,1.407795078,1.4090576
460,9.17,0.48,12.48,0.68,1.44604047,1.4885371
461,37.9,0.63,20.52,0.84,1.536149665,1.5027915
462,6.86,0.6,12.64,0.51,1.581558132,1.6403145
463,6.48,0.35,13.26,0.49,1.635164405,1.5771399
464,30.9,0.46,15.98,0.66,1.64201753,1.6914591
465,6.45,0.53,11.46,0.3,1.656620189,1.7037545
466,4.3,0.52,15.65,0.71,1.671047793,1.6910138
467,7.59,0.53,30.47,0.96,1.69481967,1.6901835
468,30.78,0.57,15.28,0.36,1.722186777,1.7130939
469,33.06,0.26,24.75,0.87,1.728306929,1.6542958
470,12.68,0.4,24.9,0.93,1.744249302,1.7368596
471,35.56,0.49,15.37,0.44,1.745467761,1.7631255
472,37.38,0.43,16.37,0.54,1.771877559,1.7877383
473,21.4,0.2,26.24,0.71,1.775026448,1.7833982
474,5.23,0.66,27.96,0.82,1.81126547,1.8644478
475,15.1,0.69,23.07,0.34,1.849722307,1.8486617
476,9.53,0.61,23.12,0.34,1.862656884,2.005266
477,14.02,0.46,25.73,0.81,1.863086721,1.8760571
478,27.94,0.66,26.71,0.47,1.91738714,1.883535
479,6.85,0.56,31.98,0.76,1.91747729,2.017798
480,4.33,0.25,21.93,0.51,1.948692301,1.9691747
481,15.53,0.6,31.86,0.31,1.969017335,1.9521643
482,13.72,0.49,20.37,0.35,1.976824769,1.9707336
483,12.86,0.38,19.71,0.42,1.97787816,2.0294678
484,37.2,0.55,23.95,0.51,2.000086116,1.9490858
485,9.87,0.53,28.7,0.58,2.114348116,2.0932367
486,16.56,0.26,24.36,0.55,2.11553275,2.1539516
487,36.94,0.29,21.89,0.25,2.145992452,2.1267767
488,33.32,0.33,23.18,0.41,2.198684539,2.1883254
489,26.8,0.24,30.26,0.71,2.20427542,2.20038
490,22.65,0.32,23.03,0.45,2.205326328,2.1872177
491,18.65,0.33,23.71,0.4,2.212396856,2.2124255
492,4.45,0.42,27.18,0.44,2.284902792,2.279742
493,23.47,0.35,26.13,0.4,2.325869043,2.2895582
494,31,0.28,16,0.48,1.70669923,1.707248
495,38,0.65,10,0.9,1.202805981,1.2033852
496,35,0.39,12,0.45,1.598826357,1.5827086
497,27,0.34,27,0.45,2.357733018,2.322861
498,7,0.42,18,0.48,1.900764198,1.8963084
499,6,0.44,25,0.57,2.140222969,2.151133
500,28,0.4,15,0.43,1.809472073,1.7862916
501,32,0.38,19,0.45,1.972743893,1.9875423
502,9,0.34,27,0.39,2.370185729,2.3329573
503,22,0.52,25,0.68,1.919911815,1.9158845
504,34,0.65,31,0.65,1.881497079,1.8554307
505,14,0.69,23,0.84,1.527590719,1.5179805
506,11,0.54,31,0.7,2.035220491,2.0017304
507,28,0.62,26,0.71,1.74306485,1.7408311
508,14,0.65,30,0.65,1.87750895,1.8807658
509,16,0.46,26,0.63,2.085465693,2.0903044
510,14,0.58,24,0.65,1.815215622,1.7989612
511,38,0.68,31,0.8,1.666253428,1.6200281
512,15,0.57,22,0.66,1.806776569,1.7665908
513,31,0.53,23,0.7,1.835710708,1.828926
514,19,0.6,23,0.63,1.772381071,1.7607404
515,10,0.61,27,0.77,1.737202419,1.7773651
516,31,0.49,26,0.59,2.055602959,2.065007
517,11,0.64,28,0.71,1.785847997,1.8428077
518,20,0.58,17,0.77,1.552076872,1.5516357
519,12,0.58,12,0.77,1.36100406,1.406885
520,11,0.65,22,0.75,1.666019001,1.6633914
521,19,0.7,20,0.8,1.499096913,1.482604
522,24,0.43,32,0.46,2.345042597,2.3530762
523,11,0.47,31,0.58,2.251057358,2.236344
524,28,0.62,20,0.78,1.602054159,1.5646474
525,28,0.5,23,0.6,1.963522048,1.9568326
526,16,0.44,31,0.46,2.304803627,2.312688
527,15,0.57,15,0.69,1.574378309,1.5837421
528,19,0.44,21,0.63,1.943136381,1.9152021
529,18,0.47,13,0.67,1.466617931,1.5255307
530,39,0.42,27,0.57,2.217505828,2.2520335
531,26,0.5,25,0.51,2.103241393,2.0630019
532,40,0.39,30,0.54,2.382636735,2.3902159
533,27,0.7,21,0.79,1.531359671,1.5049018
534,27,0.5,24,0.52,2.049126179,2.0267582
535,24,0.47,17,0.67,1.700213886,1.7285278
536,12,0.43,26,0.58,2.164333583,2.1784616
537,10,0.61,19,0.62,1.659343215,1.7127653
538,21,0.5,8,0.69,1.188172258,1.1821051
539,17,0.43,21,0.6,1.961074436,1.9401774
540,21,0.55,13,0.71,1.459604619,1.5259986
541,33,0.65,20,0.83,1.518513961,1.4836622
542,29,0.69,20,0.79,1.511517524,1.4992552
543,7,0.52,12,0.68,1.435758972,1.4966576
544,22,0.4,28,0.5,2.307978689,2.3169003
545,10,0.58,12,0.61,1.474112528,1.5484844
546,23,0.4,8,0.56,1.11477857,1.1622059
547,28,0.44,11,0.63,1.407018107,1.3775852
548,12,0.2,31,0.75,2.048332143,2.0331967
549,14,0.66,9,0.69,1.287344227,1.3104887
550,27,0.56,16,0.67,1.630797555,1.6403961
551,31,0.54,15,0.71,1.556992521,1.5798049
552,13,0.43,13,0.56,1.594271078,1.5709758
553,28,0.37,30,0.5,2.423889692,2.4108517
554,32,0.57,17,0.69,1.645235669,1.6421664
555,13,0.38,29,0.53,2.366651604,2.3666172
556,23,0.55,13,0.65,1.492684717,1.5653075
557,23,0.6,16,0.6,1.640237539,1.6200327
558,9,0.57,14,0.59,1.580538112,1.6184362
559,8,0.56,23,0.65,1.866637236,1.8773202
560,23,0.48,16,0.56,1.729722843,1.730572
561,20,0.35,28,0.55,2.38787266,2.344941
562,29,0.5,13,0.62,1.540081984,1.5837959
563,16,0.37,8,0.44,1.225204846,1.2469983
564,22,0.45,23,0.45,2.098852114,2.100717
565,29,0.41,22,0.52,2.066322807,2.0486546
566,38,0.43,22,0.53,2.041902744,2.0301757
567,24,0.35,8,0.45,1.169629725,1.1923932
568,14,0.5,13,0.5,1.63117112,1.6323473
569,37,0.51,17,0.61,1.745333326,1.7303748
570,39,0.37,30,0.46,2.463326302,2.4127653
571,8,0.49,12,0.51,1.572462747,1.5908105
572,15,0.39,19,0.54,1.9274034,1.9102
573,5,0.5,8,0.5,1.314498335,1.3404961
574,31,0.41,10,0.51,1.362100278,1.3823049
575,15,0.41,12,0.47,1.585631523,1.5693772
576,37,0.25,12,0.45,1.292488999,1.3483775
577,35,0.47,14,0.57,1.636558222,1.6578735
578,17,0.32,14,0.48,1.634018815,1.6116055
579,19,0.38,14,0.5,1.658456714,1.6407954
580,19,0.42,23,0.43,2.131562262,2.1236818
581,17,0.41,20,0.46,2.008670847,1.9979774
582,33,0.66,14,0.77,1.412044896,1.438005
583,20,0.38,20,0.51,2.008834956,1.9898427
584,29,0.47,16,0.49,1.781145973,1.7717814
585,6,0.64,23,0.83,1.598062185,1.7230284
586,32,0.51,10,0.53,1.428191057,1.4709704
587,30,0.34,28,0.48,2.402649386,2.3567548
588,26,0.69,9,0.76,1.2758533,1.2592216
589,21,0.33,11,0.39,1.502469551,1.5160819
590,32,0.32,12,0.42,1.450894325,1.5532523
591,39,0.35,8,0.4,1.238385761,1.2448349
592,31,0.28,16,0.48,1.70669923,1.707248
,,,,,2.660239413,
